,Deciles,pred_sales,Sales_in_thousands
0,9,262.2716734314744,132.77066399999998
1,8,65.25767492039736,52.596399999999996
2,7,41.395495635256246,28.2112
3,6,35.06833007794344,91.6485
4,5,29.501842116658885,34.161
5,4,23.852761892504887,79.1614
6,3,18.885544205439977,48.463499999999996
7,2,15.47310963497353,24.2854
8,1,10.55893053226269,15.393
9,0,3.160357831367782,5.328456
